ps,knee_deg,Rg_A,D457-K688,D595-K688
100.0,174.79,65.74,2.98,2.64
200.0,178.69,65.42,2.92,2.63
300.0,176.78,64.52,2.75,2.68
400.0,178.84,64.27,2.82,2.94
500.0,175.22,63.17,2.71,2.92
600.0,174.95,62.55,2.82,2.64
700.0,175.9,62.24,2.66,2.73
800.0,177.01,61.83,3.02,2.75
900.0,176.57,61.46,3.26,2.6
1000.0,175.07,61.92,2.78,2.79
1100.0,173.9,61.9,2.68,2.86
1200.0,174.1,62.45,2.73,3.15
1300.0,168.73,62.21,2.81,2.78
1400.0,171.3,62.19,2.77,2.65
1500.0,169.18,62.23,2.81,2.82
1600.0,171.09,61.91,2.73,2.72
1700.0,171.77,61.75,2.76,2.84
1800.0,168.74,61.32,2.7,2.68
1900.0,168.46,60.44,2.63,2.68
2000.0,167.88,60.09,2.7,2.86
2100.0,165.72,60.02,2.77,2.67
2200.0,165.63,59.94,2.68,2.84
2300.0,164.0,59.76,2.81,2.92
2400.0,162.64,59.75,2.74,2.67
2500.0,165.68,60.37,2.81,2.81
2600.0,163.05,59.79,2.69,2.83
2700.0,163.09,59.63,3.01,2.97
2800.0,162.0,59.5,2.95,2.94
2900.0,157.55,59.76,2.97,2.73
3000.0,157.54,59.4,2.81,2.72
3100.0,158.47,58.96,2.7,3.07
3200.0,158.15,58.65,2.68,2.73
3300.0,157.68,59.14,2.78,2.73
3400.0,156.62,59.24,2.88,2.86
3500.0,153.91,58.55,2.82,2.92
3600.0,153.99,58.83,2.66,2.68
3700.0,155.46,58.36,2.7,2.86
3800.0,155.74,58.91,2.7,2.73
3900.0,154.83,58.66,2.67,2.85
4000.0,157.59,58.24,2.78,2.65
4100.0,155.11,58.38,2.67,2.72
4200.0,151.26,58.01,2.81,2.79
4300.0,150.83,57.85,2.73,2.83
4400.0,151.57,57.79,2.83,2.93
4500.0,152.83,57.63,2.74,2.73
4600.0,153.19,57.67,3.37,3.07
4700.0,152.97,57.65,2.74,2.61
4800.0,153.49,57.69,3.29,3.12
4900.0,152.93,58.09,2.8,2.76
5000.0,153.73,58.48,2.86,2.73
5100.0,153.87,58.32,2.97,2.86
5200.0,153.21,58.25,2.81,2.87
5300.0,154.61,58.44,2.88,2.7
5400.0,155.86,58.85,2.67,2.68
5500.0,158.5,59.21,2.63,2.84
5600.0,154.08,58.66,3.29,2.85
5700.0,153.14,58.86,2.92,2.68
5800.0,154.31,58.14,2.98,2.83
5900.0,151.01,57.95,8.98,7.53
6000.0,149.34,57.29,4.98,4.05
6100.0,147.43,56.73,5.53,6.11
6200.0,147.24,56.82,4.15,5.92
6300.0,149.11,56.49,7.38,7.0
6400.0,146.53,56.62,8.04,7.25
6500.0,145.79,56.85,7.15,7.15
6600.0,146.33,56.64,7.93,6.85
6700.0,145.91,56.23,6.26,7.0
6800.0,146.67,56.66,2.97,2.64
6900.0,146.34,56.47,6.08,6.62
7000.0,148.9,57.31,7.72,7.35
7100.0,149.75,56.89,7.82,6.84
7200.0,146.05,56.4,6.88,7.4
7300.0,147.23,56.69,3.76,6.81
7400.0,148.29,56.57,2.97,5.36
7500.0,146.84,56.68,3.56,5.71
7600.0,148.1,57.26,7.29,7.17
7700.0,149.43,57.04,6.93,6.45
7800.0,149.07,56.9,5.06,5.77
7900.0,148.91,56.2,7.47,7.97
8000.0,145.87,55.97,6.46,6.43
8100.0,143.91,55.01,8.07,6.81
8200.0,142.52,55.87,7.96,7.1
8300.0,144.98,56.06,2.85,2.93
8400.0,146.07,55.94,10.72,10.11
8500.0,148.58,56.41,2.82,5.47
8600.0,147.83,56.26,2.72,5.99
8700.0,146.88,56.63,3.33,4.71
8800.0,146.57,56.34,2.99,6.06
8900.0,147.59,56.42,7.04,6.72
9000.0,144.55,56.04,8.84,7.9
9100.0,145.0,55.84,7.75,7.07
9200.0,141.65,55.76,5.15,5.87
9300.0,143.33,55.49,2.91,2.78
9400.0,140.43,55.35,2.63,2.79
9500.0,142.11,55.59,2.79,2.7
9600.0,140.68,54.9,3.0,4.19
9700.0,142.66,55.73,4.73,5.67
9800.0,142.59,55.44,8.15,7.66
9900.0,142.47,55.24,8.7,6.72
10000.0,144.7,56.12,7.02,6.23
10100.0,145.27,55.64,3.88,5.07
10200.0,143.03,56.11,2.83,4.89
10300.0,143.59,55.55,9.54,7.28
10400.0,142.0,55.27,11.56,7.49
10500.0,142.32,55.06,3.68,2.73
10600.0,140.8,54.8,4.58,2.72
10700.0,138.9,55.07,10.87,8.18
10800.0,139.54,55.06,9.94,7.69
10900.0,139.65,55.09,4.5,2.73
11000.0,140.62,54.94,3.08,2.74
11100.0,140.24,55.12,6.66,5.39
11200.0,140.6,55.1,5.75,4.2
11300.0,142.97,55.07,8.15,7.01
11400.0,139.89,54.92,3.93,5.55
11500.0,139.98,55.3,6.29,6.89
11600.0,138.91,55.23,3.08,4.08
11700.0,139.15,54.89,2.94,4.6
11800.0,141.44,55.32,9.65,6.59
11900.0,141.39,55.94,11.97,6.59
12000.0,139.89,55.4,7.11,6.43
12100.0,141.26,55.0,11.78,7.14
12200.0,139.73,55.35,8.06,2.73
12300.0,141.69,55.28,7.93,3.13
12400.0,144.24,56.23,7.15,2.81
12500.0,144.21,56.23,8.29,2.7
12600.0,143.53,56.03,6.68,2.83
12700.0,144.37,55.99,7.83,2.91
12800.0,143.23,55.8,5.03,2.64
12900.0,145.68,56.69,5.39,2.75
13000.0,142.67,56.3,6.88,2.73
13100.0,140.91,56.09,11.95,6.84
13200.0,145.49,55.77,9.53,6.33
13300.0,142.64,55.46,12.02,6.49
13400.0,140.0,55.24,10.41,7.78
13500.0,139.18,54.65,7.32,4.53
13600.0,140.68,54.33,8.99,5.25
13700.0,141.92,54.5,9.57,6.33
13800.0,144.48,55.77,8.51,6.47
13900.0,143.59,56.16,8.27,7.44
14000.0,146.15,56.52,8.89,4.87
14100.0,144.37,56.23,2.97,6.29
14200.0,145.3,56.42,7.64,7.4
14300.0,144.03,56.07,7.59,6.98
14400.0,145.95,55.87,9.48,4.98
14500.0,143.88,55.89,10.43,5.77
14600.0,144.32,56.06,5.51,2.86
14700.0,144.44,56.12,7.33,2.76
14800.0,143.86,56.07,8.99,5.88
14900.0,144.72,56.06,5.88,4.87
15000.0,147.41,56.6,9.0,4.45
15100.0,147.1,56.37,5.46,2.99
15200.0,145.23,55.93,5.86,2.79
15300.0,146.3,56.12,6.68,2.73
15400.0,147.62,55.79,7.17,2.81
15500.0,147.41,56.18,4.87,2.57
15600.0,145.43,55.71,6.8,2.83
15700.0,146.45,56.03,8.08,3.78
15800.0,143.17,55.59,7.1,3.11
15900.0,143.16,55.68,7.4,2.71
16000.0,142.54,55.43,5.05,2.93
16100.0,142.25,55.67,4.96,2.69
16200.0,143.28,55.62,5.06,2.88
16300.0,142.77,55.45,6.46,2.89
16400.0,142.98,55.34,6.69,2.95
16500.0,142.56,55.11,6.36,3.11
16600.0,142.26,54.83,6.08,2.89
16700.0,138.76,54.61,7.68,2.95
16800.0,138.42,54.7,7.51,2.71
16900.0,139.3,54.74,6.02,2.83
17000.0,139.63,54.62,5.89,2.71
17100.0,138.56,54.41,7.98,2.84
17200.0,141.06,54.97,6.53,2.81
17300.0,140.1,55.2,7.14,2.79
17400.0,142.08,55.61,5.78,3.34
17500.0,142.05,55.59,6.98,2.82
17600.0,141.44,55.33,4.55,2.88
17700.0,141.43,55.46,5.2,3.01
17800.0,144.04,56.04,6.72,2.78
17900.0,143.57,56.01,5.83,3.07
18000.0,143.92,55.76,7.67,2.71
18100.0,143.72,55.84,7.3,2.85
18200.0,143.75,56.07,5.28,2.8
18300.0,145.06,56.24,5.73,2.81
18400.0,143.0,55.87,8.12,2.86
18500.0,143.74,55.99,7.0,2.71
18600.0,143.21,55.86,9.2,6.23
18700.0,141.91,55.46,7.26,2.75
18800.0,141.3,55.72,6.11,2.79
18900.0,142.68,55.9,11.18,6.93
19000.0,142.21,55.76,8.02,3.04
19100.0,143.05,55.72,7.37,2.78
19200.0,143.19,56.11,7.83,2.75
19300.0,142.1,55.86,7.16,2.68
19400.0,143.46,56.36,7.39,2.72
19500.0,143.49,56.49,6.95,3.01
19600.0,144.53,56.48,9.9,5.39
19700.0,145.8,56.48,5.29,2.74
19800.0,144.59,55.98,6.55,3.32
19900.0,147.07,56.45,5.99,2.81
20000.0,145.0,56.12,6.53,4.45
