ps,knee_deg,Rg_A,E598-K459,D457-K688,K459-E636,D595-K688
100.0,168.14,65.64,2.83,2.72,2.89,2.76
200.0,166.59,65.35,2.85,2.87,3.01,2.85
300.0,166.65,64.67,2.95,2.64,2.8,2.77
400.0,167.61,64.53,2.76,2.79,2.74,2.91
500.0,169.81,64.45,2.8,3.15,2.86,2.85
600.0,172.79,63.76,2.63,2.75,2.77,2.77
700.0,173.79,64.14,2.78,2.77,2.85,3.02
800.0,173.95,64.12,2.82,2.83,2.64,2.96
900.0,175.25,63.84,2.75,2.8,2.68,2.74
1000.0,171.11,63.21,2.75,2.81,2.85,3.26
1100.0,171.96,62.8,2.85,2.8,2.81,2.88
1200.0,173.75,62.77,2.67,2.71,2.89,3.25
1300.0,171.86,62.85,2.76,2.72,2.84,3.02
1400.0,172.98,62.49,2.86,2.89,2.89,3.04
1500.0,171.49,62.51,3.04,2.77,2.87,2.83
1600.0,171.47,62.11,2.78,2.57,2.93,2.76
1700.0,175.95,62.03,2.69,3.02,2.92,2.74
1800.0,173.88,62.33,2.71,2.63,2.89,2.92
1900.0,173.39,62.49,2.73,2.73,2.98,2.75
2000.0,174.76,62.53,2.84,2.68,2.8,2.76
2100.0,173.94,62.24,2.68,2.72,2.76,2.81
2200.0,173.98,62.55,2.89,2.75,2.74,2.76
2300.0,177.82,62.76,2.9,2.71,2.65,2.87
2400.0,178.83,62.81,2.79,2.92,2.85,2.77
2500.0,177.74,62.68,2.79,2.71,2.81,2.96
2600.0,174.51,63.01,2.8,2.8,2.72,2.61
2700.0,173.97,62.68,2.57,2.89,2.76,2.81
2800.0,172.12,63.01,2.78,2.81,2.82,2.86
2900.0,171.57,63.11,2.76,2.77,2.76,2.78
3000.0,171.46,62.66,2.7,2.67,2.76,2.7
3100.0,170.53,61.93,2.69,2.75,2.77,2.87
3200.0,173.43,62.2,2.75,2.82,2.79,2.89
3300.0,169.8,62.15,2.77,2.75,2.76,2.68
3400.0,169.71,61.39,2.72,2.81,2.76,2.78
3500.0,171.54,61.85,2.72,2.82,2.81,2.79
3600.0,171.2,61.76,3.02,2.74,2.82,2.82
3700.0,171.86,61.67,2.81,2.68,2.66,2.85
3800.0,170.48,61.06,2.83,2.76,2.76,2.96
3900.0,167.16,61.3,2.71,2.69,2.68,2.65
4000.0,166.99,61.14,2.85,2.96,2.96,2.94
4100.0,170.13,61.14,2.86,2.69,2.83,2.91
4200.0,172.02,61.19,2.71,2.88,2.62,2.79
4300.0,170.4,61.52,2.92,2.84,2.78,2.74
4400.0,170.32,61.32,2.9,2.68,2.59,2.81
4500.0,168.62,61.89,2.85,2.74,2.9,2.73
4600.0,170.28,62.11,2.76,2.71,2.81,2.79
4700.0,170.37,61.84,2.94,2.83,3.05,2.8
4800.0,171.29,62.28,2.7,3.57,2.73,2.76
4900.0,169.71,61.48,2.89,3.04,3.15,3.21
5000.0,169.45,61.13,2.78,2.82,2.84,2.81
5100.0,168.51,60.83,2.73,2.85,3.04,2.61
5200.0,166.95,60.41,2.81,2.83,2.83,2.93
5300.0,167.02,60.43,2.95,2.91,2.67,2.72
5400.0,164.27,60.42,3.06,2.78,2.79,2.81
5500.0,165.49,60.14,3.06,2.76,2.58,2.87
5600.0,162.07,60.17,2.9,3.02,2.86,2.74
5700.0,160.73,59.79,2.82,2.76,2.71,2.72
5800.0,161.56,59.81,3.13,2.73,3.14,2.85
5900.0,160.68,59.73,2.76,2.82,6.71,2.85
6000.0,159.43,60.28,3.77,2.95,5.32,2.68
6100.0,161.13,60.08,3.0,2.7,3.03,2.87
6200.0,159.63,60.13,2.89,2.71,3.06,2.71
6300.0,157.55,60.05,2.81,2.79,2.66,2.94
6400.0,157.96,59.46,3.0,2.63,5.3,2.8
6500.0,159.39,59.5,2.8,2.78,2.96,2.74
6600.0,160.31,59.64,2.81,5.18,2.65,5.65
6700.0,161.76,59.56,2.88,2.82,2.86,2.87
6800.0,158.88,58.96,2.94,3.06,2.74,2.72
6900.0,156.23,59.29,2.73,2.78,2.89,2.84
7000.0,158.84,59.11,2.68,2.76,2.82,2.79
7100.0,158.89,59.07,3.04,2.99,2.89,4.31
7200.0,159.34,59.06,2.81,2.65,5.14,2.84
7300.0,159.61,58.73,2.91,2.66,3.23,2.67
7400.0,161.57,59.2,2.93,2.64,2.83,2.88
7500.0,161.08,59.2,2.74,2.87,3.19,2.62
7600.0,160.86,59.36,2.69,2.96,5.02,2.85
7700.0,157.71,59.11,2.92,2.91,2.86,2.99
7800.0,160.38,59.05,2.81,2.82,3.07,2.66
7900.0,159.91,59.06,2.77,2.77,4.31,3.04
8000.0,158.92,59.01,2.86,2.9,2.73,2.72
8100.0,159.96,58.85,2.73,2.87,2.68,2.64
8200.0,161.89,58.95,2.73,2.74,2.79,2.7
8300.0,160.76,59.29,2.9,2.66,3.34,2.77
8400.0,161.29,59.13,5.21,2.62,2.86,2.73
8500.0,161.21,58.89,4.69,2.63,3.18,2.82
8600.0,160.28,58.86,2.74,2.95,4.03,2.76
8700.0,158.95,58.87,4.16,2.67,3.0,2.72
8800.0,162.85,58.75,2.62,4.2,5.84,6.59
8900.0,161.67,59.51,2.67,2.76,2.74,2.81
9000.0,162.16,59.27,4.69,2.81,2.78,2.77
9100.0,162.09,59.18,6.34,2.8,2.92,2.85
9200.0,159.05,59.25,8.54,2.79,3.04,5.41
9300.0,158.41,58.75,9.79,2.73,2.66,3.19
9400.0,156.88,59.23,9.07,2.61,2.78,3.05
9500.0,156.46,58.94,9.47,2.72,2.76,2.74
9600.0,155.42,58.33,9.78,2.77,3.02,2.95
9700.0,155.4,58.44,8.84,2.78,2.67,2.61
9800.0,155.37,58.24,9.13,2.84,4.27,2.67
9900.0,152.25,58.29,10.68,2.87,2.75,2.92
10000.0,153.56,58.26,10.58,2.79,4.32,2.74
10100.0,154.48,58.37,12.29,2.78,2.77,2.84
10200.0,155.48,58.12,11.05,2.67,4.37,2.91
10300.0,156.12,57.85,11.72,2.76,2.67,2.79
10400.0,156.89,57.86,10.41,2.84,2.81,2.95
10500.0,156.3,58.32,9.18,2.81,2.81,2.83
10600.0,160.95,58.73,9.2,3.01,2.67,2.69
10700.0,159.18,58.41,7.41,3.15,3.22,2.81
10800.0,160.53,58.76,10.96,2.75,2.9,2.68
10900.0,161.48,58.57,10.04,2.81,3.09,2.77
11000.0,161.5,58.4,8.48,2.75,3.48,2.72
11100.0,155.2,57.79,9.53,2.69,2.82,2.9
11200.0,154.71,57.64,8.5,2.78,2.78,2.68
11300.0,156.93,57.91,9.28,2.68,2.74,2.92
11400.0,157.24,58.09,9.31,3.03,2.82,2.76
11500.0,158.46,58.25,8.72,2.73,2.8,2.69
11600.0,157.1,58.62,11.97,2.89,2.86,2.99
11700.0,156.45,58.24,10.26,2.74,2.99,2.74
11800.0,156.18,57.98,12.63,3.03,4.66,6.54
11900.0,159.88,58.56,11.63,2.72,2.95,7.04
12000.0,161.77,58.58,12.05,5.57,2.61,7.95
12100.0,155.26,57.46,12.09,5.4,2.83,7.82
12200.0,153.94,57.78,9.53,2.95,2.73,5.63
12300.0,154.33,58.06,6.88,5.2,2.64,7.87
12400.0,154.6,58.09,8.33,6.77,2.85,7.78
12500.0,156.89,58.68,7.26,6.02,2.71,7.79
12600.0,155.66,58.66,7.73,3.03,2.74,5.37
12700.0,154.7,57.8,2.77,2.57,2.7,2.83
12800.0,154.88,57.98,6.42,2.92,2.68,2.7
12900.0,154.01,57.71,8.19,2.92,2.73,2.72
13000.0,155.24,57.61,2.8,3.28,2.71,3.07
13100.0,154.57,57.78,2.74,2.97,2.99,2.55
13200.0,156.57,57.72,2.67,2.92,2.88,2.86
13300.0,155.24,57.6,2.67,2.66,3.13,2.84
13400.0,153.98,58.03,2.94,2.71,2.8,2.75
13500.0,153.94,57.4,2.8,2.82,2.82,2.67
13600.0,151.27,56.99,2.8,2.88,3.01,2.75
13700.0,151.06,56.82,2.98,2.87,2.9,3.12
13800.0,151.75,57.27,2.84,2.81,5.25,2.75
13900.0,147.94,56.97,3.4,2.82,4.91,2.88
14000.0,145.66,56.34,2.89,2.65,5.6,2.68
14100.0,148.99,56.76,2.76,2.76,3.13,2.81
14200.0,147.4,56.96,3.36,2.75,3.49,2.83
14300.0,146.28,56.81,2.76,5.48,4.91,5.55
14400.0,147.8,56.45,3.08,2.85,3.08,2.82
14500.0,147.5,56.22,2.66,2.77,4.17,2.82
14600.0,149.01,56.72,2.77,2.94,3.9,2.75
14700.0,148.61,56.95,2.64,3.49,2.8,2.87
14800.0,150.3,57.19,2.73,5.94,2.75,7.84
14900.0,152.65,56.95,2.75,6.67,4.87,7.21
15000.0,153.06,57.6,3.12,3.0,2.72,2.77
15100.0,155.17,57.43,4.97,2.65,2.84,2.82
15200.0,152.98,57.05,2.79,2.69,2.77,2.69
15300.0,153.41,56.95,4.18,2.72,2.76,5.14
15400.0,151.52,57.35,4.64,8.9,2.94,6.5
15500.0,151.75,57.75,5.25,4.02,9.6,7.31
15600.0,151.37,57.2,3.75,7.2,9.25,6.93
15700.0,152.34,57.26,2.74,3.0,6.76,4.81
15800.0,151.77,57.43,7.05,3.24,12.09,5.16
15900.0,150.82,56.68,4.51,4.41,7.76,6.01
16000.0,152.84,56.25,6.77,4.75,9.64,4.26
16100.0,148.91,55.74,4.46,8.47,9.31,7.22
16200.0,148.12,55.83,2.97,10.07,4.55,7.6
16300.0,152.19,56.81,2.72,4.46,5.51,6.56
16400.0,151.51,56.85,5.96,10.96,8.43,9.07
16500.0,151.3,56.59,2.91,11.92,4.88,8.49
16600.0,152.81,56.5,6.2,9.03,7.4,6.73
16700.0,153.71,56.49,2.77,2.71,5.25,5.11
16800.0,150.87,56.38,7.39,9.25,7.83,8.0
16900.0,150.8,57.01,2.78,3.03,6.88,2.96
17000.0,149.63,56.53,5.44,2.85,8.34,2.67
17100.0,150.31,57.29,7.15,3.15,10.59,3.12
17200.0,148.96,57.4,6.9,2.84,8.74,2.68
17300.0,147.71,57.31,3.27,6.77,9.49,7.73
17400.0,148.55,57.34,3.23,7.2,2.91,7.36
17500.0,145.57,56.57,5.5,9.65,6.61,7.98
17600.0,148.41,57.07,6.31,7.42,11.36,7.29
17700.0,148.37,57.02,6.29,5.86,7.37,3.08
17800.0,148.46,56.83,8.04,7.75,13.17,2.63
17900.0,148.61,56.34,2.66,10.51,7.96,7.3
18000.0,146.9,56.37,3.0,6.36,5.02,6.28
18100.0,147.48,56.26,6.4,8.92,6.65,6.91
18200.0,148.81,55.96,7.34,10.55,7.59,9.56
18300.0,147.15,56.14,2.58,7.83,7.43,7.11
18400.0,146.2,55.99,2.91,6.72,9.85,6.57
18500.0,143.97,55.47,3.09,6.53,8.53,5.88
18600.0,143.38,55.63,3.35,6.58,8.03,6.57
18700.0,146.26,55.65,2.82,7.96,9.57,7.58
18800.0,144.96,55.55,2.61,11.41,7.04,7.46
18900.0,145.7,55.39,2.99,8.25,8.75,6.31
19000.0,146.94,55.54,6.92,11.31,9.5,8.29
19100.0,146.35,55.41,6.3,10.12,8.67,8.1
19200.0,143.63,55.37,2.83,7.89,9.79,7.63
19300.0,144.08,55.23,4.64,6.58,9.31,6.34
19400.0,144.75,54.54,5.91,5.94,10.27,6.89
19500.0,146.62,54.66,2.86,5.5,9.49,5.76
19600.0,146.78,55.1,2.88,10.05,9.83,7.75
19700.0,146.16,55.15,3.23,5.39,8.86,2.77
19800.0,147.34,54.8,2.99,6.73,4.83,7.69
19900.0,147.74,55.13,2.96,7.81,5.04,6.28
20000.0,146.08,55.42,2.89,11.91,7.4,8.26
