ps,knee_deg,Rg_A,D457-K688,K459-E636,D595-K688
100.0,169.41,66.74,2.96,2.73,2.73
200.0,166.05,66.76,10.07,2.86,6.61
300.0,165.9,65.89,9.72,2.7,6.43
400.0,167.69,66.09,9.96,2.67,6.9
500.0,169.28,65.43,9.72,2.8,6.73
600.0,166.01,65.3,9.91,2.71,7.86
700.0,164.91,65.46,11.19,2.8,8.83
800.0,166.53,65.61,9.26,2.89,7.55
900.0,165.34,65.41,9.79,2.78,7.47
1000.0,163.74,65.15,10.41,2.79,8.03
1100.0,163.16,64.6,7.85,2.87,6.67
1200.0,159.99,64.54,10.41,2.76,8.15
1300.0,159.27,64.79,10.2,2.73,8.26
1400.0,159.99,64.52,11.62,2.82,8.1
1500.0,159.34,64.49,11.16,3.87,7.75
1600.0,159.49,64.42,8.53,2.69,7.21
1700.0,159.53,64.22,11.72,2.89,8.24
1800.0,160.18,64.5,10.4,2.72,8.21
1900.0,161.93,65.22,9.31,2.75,7.21
2000.0,160.28,64.61,10.84,2.81,8.15
2100.0,160.24,63.8,12.0,2.76,8.37
2200.0,157.77,63.23,10.76,2.77,8.31
2300.0,156.91,64.1,9.82,2.77,7.42
2400.0,159.72,64.12,9.91,2.84,7.98
2500.0,159.68,63.49,10.54,2.86,8.2
2600.0,157.42,63.12,10.85,2.88,8.56
2700.0,157.4,62.7,9.47,2.76,8.12
2800.0,158.9,62.77,9.48,2.66,7.85
2900.0,159.58,63.0,9.31,2.68,7.46
3000.0,155.11,62.71,9.71,2.91,7.55
3100.0,156.98,62.24,10.4,3.06,8.56
3200.0,154.12,62.66,10.34,2.73,7.92
3300.0,156.58,62.2,8.39,2.66,6.71
3400.0,152.92,61.86,8.53,2.84,6.58
3500.0,152.41,61.68,9.98,2.77,7.88
3600.0,156.58,61.69,9.44,2.75,7.63
3700.0,156.29,61.06,9.24,2.94,7.04
3800.0,155.86,61.13,10.02,2.86,8.31
3900.0,151.88,61.17,9.51,2.73,6.78
4000.0,147.95,61.14,10.74,5.19,6.77
4100.0,147.44,61.13,8.68,5.06,5.69
4200.0,147.36,60.09,10.14,6.24,6.13
4300.0,147.46,60.13,12.39,4.91,8.2
4400.0,147.72,60.11,10.45,5.48,6.93
4500.0,147.99,60.82,10.78,4.14,6.52
4600.0,148.74,59.72,9.64,4.3,6.37
4700.0,148.55,60.01,9.56,7.55,6.41
4800.0,145.85,60.01,8.83,4.55,6.21
4900.0,147.37,60.16,9.55,5.28,6.09
5000.0,146.0,59.71,9.92,6.12,6.59
5100.0,149.12,59.87,8.32,7.73,5.15
5200.0,148.56,59.55,6.4,5.73,2.81
5300.0,147.64,59.41,7.0,5.19,2.79
5400.0,146.49,59.99,7.42,5.39,3.92
5500.0,146.61,59.83,8.07,7.07,3.18
5600.0,146.0,59.7,9.81,2.81,5.65
5700.0,144.64,59.92,13.2,6.41,9.22
5800.0,144.95,59.85,9.3,4.79,5.57
5900.0,145.12,59.8,12.81,4.88,7.85
6000.0,143.39,59.0,10.24,6.39,6.7
6100.0,141.54,59.37,6.42,5.56,4.64
6200.0,143.11,58.65,10.04,4.09,6.33
6300.0,143.56,58.97,10.2,6.53,6.92
6400.0,144.68,59.44,10.89,5.57,7.08
6500.0,143.83,59.8,11.04,6.21,6.95
6600.0,145.17,59.11,11.18,5.78,7.27
6700.0,143.98,58.88,8.3,5.22,4.99
6800.0,144.39,58.74,11.19,4.98,7.96
6900.0,146.43,59.03,7.14,4.99,3.16
7000.0,143.86,59.11,6.18,8.45,2.82
7100.0,145.72,58.93,6.23,5.54,2.76
7200.0,145.21,58.57,8.37,5.65,6.31
7300.0,144.04,58.33,6.69,5.39,2.83
7400.0,144.16,58.27,6.57,8.52,3.05
7500.0,143.42,58.01,7.58,5.33,5.33
7600.0,139.41,57.91,7.06,5.28,4.53
7700.0,140.0,57.61,7.36,6.26,3.34
7800.0,138.41,57.49,11.98,7.41,7.86
7900.0,140.33,57.88,9.28,5.53,6.18
8000.0,141.45,57.92,7.19,6.49,2.84
8100.0,139.33,57.59,7.07,4.44,2.74
8200.0,138.73,57.57,6.59,8.64,3.87
8300.0,139.11,57.55,7.87,8.35,5.77
8400.0,139.59,57.42,6.92,6.59,3.29
8500.0,136.6,57.32,10.21,5.76,7.01
8600.0,137.28,57.44,10.0,5.82,7.35
8700.0,137.72,57.27,10.58,8.92,8.13
8800.0,135.97,57.47,9.75,5.4,6.88
8900.0,135.28,57.19,12.87,7.03,9.68
9000.0,134.31,57.21,10.19,7.09,7.63
9100.0,134.4,56.01,10.78,6.16,8.17
9200.0,133.22,55.54,10.81,6.2,8.08
9300.0,135.7,56.09,13.31,5.77,9.62
9400.0,135.03,55.82,14.99,7.56,12.55
9500.0,136.08,56.17,10.6,6.99,7.58
9600.0,135.94,55.87,9.63,5.47,6.98
9700.0,135.21,55.53,7.58,5.6,5.61
9800.0,134.9,55.98,6.65,6.5,3.0
9900.0,133.89,55.55,7.92,7.04,2.7
10000.0,134.45,55.0,10.08,5.28,7.13
10100.0,131.11,54.71,9.17,6.09,4.7
10200.0,129.65,54.3,7.54,7.81,3.06
10300.0,133.7,55.06,8.09,5.47,2.94
10400.0,137.21,55.4,8.15,6.36,2.82
10500.0,134.0,55.63,11.58,5.62,8.54
10600.0,134.38,55.71,11.8,6.73,7.95
10700.0,135.93,56.36,7.93,6.04,5.38
10800.0,135.36,55.53,10.19,6.39,7.25
10900.0,130.73,55.54,9.78,5.69,7.02
11000.0,127.38,55.27,10.64,6.59,6.98
11100.0,128.43,54.99,12.6,6.96,7.65
11200.0,127.19,54.82,10.91,6.53,8.55
11300.0,127.27,54.49,11.4,6.95,8.0
11400.0,127.46,53.96,11.97,5.79,8.97
11500.0,126.53,54.34,9.97,7.0,6.23
11600.0,126.78,54.36,7.76,7.81,2.76
11700.0,126.03,54.3,8.8,5.4,4.68
11800.0,127.26,54.62,7.7,6.4,3.96
11900.0,129.81,55.05,8.58,6.05,3.19
12000.0,127.12,55.68,9.67,6.0,5.09
12100.0,129.6,56.05,7.54,5.64,5.15
12200.0,125.45,56.27,7.57,6.97,2.78
12300.0,127.11,55.49,8.47,7.13,2.8
12400.0,127.74,55.37,8.36,7.13,2.77
12500.0,126.02,54.82,8.97,9.15,4.49
12600.0,127.87,54.8,9.04,8.91,2.9
12700.0,126.68,54.3,11.65,7.18,7.45
12800.0,124.73,54.0,11.45,9.42,6.17
12900.0,125.36,53.94,9.08,11.04,2.72
13000.0,124.04,54.07,15.41,9.64,9.64
13100.0,126.17,54.32,8.49,8.19,2.68
13200.0,124.01,53.98,9.22,8.42,3.04
13300.0,122.36,54.35,8.96,6.57,5.14
13400.0,119.4,53.92,8.9,8.38,4.55
13500.0,121.43,54.02,8.7,8.21,4.02
13600.0,121.49,53.84,8.76,8.77,4.49
13700.0,122.58,53.67,8.91,7.91,3.5
13800.0,121.12,53.65,8.69,7.85,4.61
13900.0,121.58,54.02,8.52,7.24,4.86
14000.0,125.63,53.88,8.64,8.15,3.03
14100.0,123.68,54.28,8.11,7.6,3.29
14200.0,125.03,55.18,8.26,7.37,4.62
14300.0,125.65,55.05,7.9,7.53,3.99
14400.0,123.58,54.96,8.23,6.33,3.72
14500.0,125.08,55.11,8.44,7.32,3.33
14600.0,127.52,54.63,8.23,6.62,3.26
14700.0,126.8,55.4,8.14,7.8,2.99
14800.0,127.1,54.93,7.7,7.28,2.89
14900.0,125.67,54.66,8.44,7.09,4.59
15000.0,128.8,54.57,8.05,7.12,3.77
15100.0,130.12,54.7,8.07,6.17,2.78
15200.0,125.14,54.79,9.25,7.9,2.86
15300.0,121.79,54.38,9.26,7.99,3.64
15400.0,121.58,54.21,8.95,7.77,3.99
15500.0,123.08,54.22,9.66,6.84,3.65
15600.0,125.44,54.37,9.05,6.59,3.49
15700.0,126.25,54.95,9.03,6.28,2.77
15800.0,123.97,54.98,9.54,7.65,3.46
15900.0,121.84,54.93,7.98,7.01,2.78
16000.0,123.65,54.53,9.33,8.08,2.76
16100.0,122.63,54.08,8.11,6.31,3.84
16200.0,124.2,54.49,8.7,7.17,2.81
16300.0,126.32,54.64,7.89,6.88,2.74
16400.0,128.36,54.38,8.6,7.1,3.77
16500.0,127.98,54.24,8.35,7.34,2.81
16600.0,131.78,55.02,8.42,5.84,2.72
16700.0,129.92,54.79,9.15,7.02,3.85
16800.0,129.41,54.3,8.56,6.92,2.87
16900.0,129.08,53.92,8.36,7.0,3.89
17000.0,128.41,54.22,9.1,6.21,2.75
17100.0,125.81,53.67,7.98,4.89,2.98
17200.0,126.53,54.32,8.5,7.89,2.67
17300.0,124.78,53.55,8.37,6.18,3.52
17400.0,122.5,52.96,8.36,5.95,2.94
17500.0,120.48,52.37,9.64,7.33,3.15
17600.0,119.03,52.39,9.42,7.53,2.83
17700.0,119.05,52.47,8.47,6.6,3.09
17800.0,119.58,51.87,9.68,7.19,4.1
17900.0,122.49,51.92,8.13,5.83,3.11
18000.0,126.6,52.49,7.59,6.26,2.77
18100.0,124.99,52.68,8.45,6.75,3.13
18200.0,122.12,52.27,8.37,8.11,5.04
18300.0,125.58,52.49,7.98,7.79,2.76
18400.0,123.31,51.95,8.49,6.32,3.13
18500.0,123.44,52.43,10.03,7.52,6.74
18600.0,123.98,52.57,7.78,6.3,2.77
18700.0,121.82,52.83,8.43,5.9,2.69
18800.0,119.23,52.23,8.32,6.15,3.91
18900.0,119.44,51.95,9.26,6.95,2.92
19000.0,118.81,52.29,8.3,8.86,4.99
19100.0,120.95,52.24,8.08,6.61,3.61
19200.0,121.45,52.3,8.58,6.52,2.71
19300.0,115.99,52.05,7.54,7.64,3.06
19400.0,117.99,51.39,8.47,8.11,3.71
19500.0,116.97,51.49,8.07,6.67,3.33
19600.0,117.08,51.48,8.12,7.71,3.05
19700.0,116.66,51.68,8.63,6.54,2.91
19800.0,115.57,51.67,9.34,6.18,3.68
19900.0,114.64,51.63,8.66,7.65,2.82
20000.0,115.55,52.15,10.1,6.78,4.94
