ca_idx,chain,resSeq,rmsf_A
0,0,1,9.117
1,0,2,9.751
2,0,3,9.319
3,0,4,9.843
4,0,5,9.319
5,0,6,10.522
6,0,7,10.825
7,0,8,9.962
8,0,9,10.165
9,0,10,9.717
10,0,11,9.365
11,0,12,9.237
12,0,13,8.950
13,0,14,9.542
14,0,15,9.554
15,0,16,8.454
16,0,17,7.791
17,0,18,6.828
18,0,19,7.246
19,0,20,6.645
20,0,21,5.567
21,0,22,5.438
22,0,23,6.361
23,0,24,6.851
24,0,25,7.977
25,0,26,8.421
26,0,27,9.482
27,0,28,9.777
28,0,29,10.767
29,0,30,11.211
30,0,31,11.607
31,0,32,12.079
32,0,33,11.470
33,0,34,10.289
34,0,35,9.436
35,0,36,8.381
36,0,37,7.398
37,0,38,6.919
38,0,39,6.115
39,0,40,6.575
40,0,41,6.049
41,0,42,7.011
42,0,43,7.745
43,0,44,8.372
44,0,45,7.688
45,0,46,8.090
46,0,47,7.823
47,0,48,8.919
48,0,49,9.319
49,0,50,8.308
50,0,51,8.465
51,0,52,7.815
52,0,53,6.991
53,0,54,6.626
54,0,55,6.765
55,0,56,6.741
56,0,57,7.737
57,0,58,8.338
58,0,59,9.127
59,0,60,10.265
60,0,61,10.888
61,0,62,12.125
62,0,63,12.749
63,0,64,12.501
64,0,65,11.116
65,0,66,10.761
66,0,67,9.574
67,0,68,9.355
68,0,69,8.416
69,0,70,7.864
70,0,71,7.833
71,0,72,6.924
72,0,73,7.033
73,0,74,7.874
74,0,75,7.726
75,0,76,8.028
76,0,77,7.708
77,0,78,7.630
78,0,79,8.246
79,0,80,8.133
80,0,81,9.027
81,0,82,9.938
82,0,83,9.993
83,0,84,8.957
84,0,85,8.191
85,0,86,7.370
86,0,87,6.916
87,0,88,7.023
88,0,89,6.806
89,0,90,7.326
90,0,91,6.762
91,0,92,5.931
92,0,93,5.538
93,0,94,5.542
94,0,95,5.478
95,0,96,4.856
96,0,97,4.687
97,0,98,5.440
98,0,99,6.006
99,0,100,7.026
100,0,101,7.806
101,0,102,8.835
102,0,103,8.752
103,0,104,7.651
104,0,105,6.910
105,0,106,5.866
106,0,107,5.348
107,0,108,4.874
108,0,109,5.024
109,0,110,4.641
110,0,111,5.221
111,0,112,5.595
112,0,113,5.999
113,0,114,6.372
114,0,115,6.994
115,0,116,7.053
116,0,117,7.858
117,0,118,8.247
118,0,119,7.973
119,0,120,8.057
120,0,121,7.348
121,0,122,6.655
122,0,123,6.114
123,0,124,5.527
124,0,125,5.397
125,0,126,5.024
126,0,127,5.099
127,0,128,5.119
128,0,129,5.708
129,0,130,6.206
130,0,131,7.158
131,0,132,7.903
132,0,133,8.836
133,0,134,8.954
134,0,135,8.119
135,0,136,7.266
136,0,137,6.594
137,0,138,5.927
138,0,139,5.553
139,0,140,5.445
140,0,141,5.674
141,0,142,5.570
142,0,143,5.880
143,0,144,6.454
144,0,145,7.354
145,0,146,7.287
146,0,147,7.100
147,0,148,7.023
148,0,149,6.506
149,0,150,7.370
150,0,151,6.958
151,0,152,6.097
152,0,153,6.092
153,0,154,5.529
154,0,155,5.145
155,0,156,4.730
156,0,157,4.689
157,0,158,4.408
158,0,159,4.123
159,0,160,4.192
160,0,161,4.764
161,0,162,5.622
162,0,163,6.585
163,0,164,7.483
164,0,165,8.607
165,0,166,8.874
166,0,167,8.147
167,0,168,7.317
168,0,169,6.272
169,0,170,5.758
170,0,171,4.994
171,0,172,4.649
172,0,173,4.730
173,0,174,4.718
174,0,175,5.143
175,0,176,5.780
176,0,177,6.756
177,0,178,6.804
178,0,179,5.822
179,0,180,6.206
180,0,181,5.530
181,0,182,5.733
182,0,183,5.673
183,0,184,5.938
184,0,185,6.455
185,0,186,6.862
186,0,187,7.566
187,0,188,7.354
188,0,189,8.148
189,0,190,7.770
190,0,191,6.928
191,0,192,7.383
192,0,193,8.056
193,0,194,7.600
194,0,195,6.984
195,0,196,7.088
196,0,197,6.942
197,0,198,7.220
198,0,199,6.920
199,0,200,6.578
200,0,201,6.239
201,0,202,6.437
202,0,203,6.884
203,0,204,7.581
204,0,205,8.461
205,0,206,8.269
206,0,207,7.438
207,0,208,7.485
208,0,209,6.925
209,0,210,7.144
210,0,211,7.940
211,0,212,8.130
212,0,213,8.480
213,0,214,9.202
214,0,215,8.819
215,0,216,8.436
216,0,217,7.407
217,0,218,7.028
218,0,219,5.943
219,0,220,5.643
220,0,221,4.942
221,0,222,5.195
222,0,223,4.611
223,0,224,4.027
224,0,225,4.191
225,0,226,4.932
226,0,227,5.787
227,0,228,6.893
228,0,229,7.978
229,0,230,9.256
230,0,231,9.355
231,0,232,10.322
232,0,233,11.143
233,0,234,11.629
234,0,235,11.044
235,0,236,9.818
236,0,237,8.627
237,0,238,8.193
238,0,239,7.038
239,0,240,6.343
240,0,241,5.389
241,0,242,4.823
242,0,243,4.991
243,0,244,4.533
244,0,245,5.023
245,0,246,5.952
246,0,247,6.769
247,0,248,6.465
248,0,249,5.358
249,0,250,5.545
250,0,251,5.267
251,0,252,5.768
252,0,253,5.889
253,0,254,6.739
254,0,255,7.433
255,0,256,7.890
256,0,257,8.887
257,0,258,8.602
258,0,259,9.436
259,0,260,9.071
260,0,261,8.076
261,0,262,8.884
262,0,263,8.621
263,0,264,9.305
264,0,265,8.760
265,0,266,7.729
266,0,267,7.083
267,0,268,6.527
268,0,269,5.790
269,0,270,6.241
270,0,271,5.681
271,0,272,5.445
272,0,273,4.668
273,0,274,4.554
274,0,275,4.262
275,0,276,4.565
276,0,277,4.463
277,0,278,3.878
278,0,279,4.192
279,0,280,5.008
280,0,281,5.898
281,0,282,7.053
282,0,283,8.055
283,0,284,9.328
284,0,285,9.602
285,0,286,10.468
286,0,287,11.652
287,0,288,12.225
288,0,289,11.712
289,0,290,10.668
290,0,291,9.249
291,0,292,8.376
292,0,293,7.125
293,0,294,6.174
294,0,295,5.235
295,0,296,4.459
296,0,297,4.228
297,0,298,3.978
298,0,299,3.960
299,0,300,4.369
300,0,301,4.517
301,0,302,4.958
302,0,303,5.053
303,0,304,5.097
304,0,305,5.595
305,0,306,5.305
306,0,307,5.219
307,0,308,4.761
308,0,309,4.643
309,0,310,4.447
310,0,311,4.195
311,0,312,4.483
312,0,313,4.350
313,0,314,4.709
314,0,315,5.149
315,0,316,5.879
316,0,317,6.839
317,0,318,7.729
318,0,319,8.804
319,0,320,9.883
320,0,321,11.064
321,0,322,12.312
322,0,323,12.664
323,0,324,11.746
324,0,325,10.843
325,0,326,9.595
326,0,327,9.282
327,0,328,8.062
328,0,329,7.459
329,0,330,6.386
330,0,331,5.890
331,0,332,5.309
332,0,333,5.192
333,0,334,5.539
334,0,335,5.429
335,0,336,4.975
336,0,337,4.675
337,0,338,4.910
338,0,339,4.370
339,0,340,4.604
340,0,341,4.459
341,0,342,4.205
342,0,343,4.668
343,0,344,5.422
344,0,345,6.441
345,0,346,7.400
346,0,347,8.303
347,0,348,9.171
348,0,349,10.043
349,0,350,9.590
350,0,351,10.192
351,0,352,11.165
352,0,353,11.588
353,0,354,11.262
354,0,355,10.055
355,0,356,9.143
356,0,357,8.265
357,0,358,7.249
358,0,359,6.678
359,0,360,5.680
360,0,361,5.320
361,0,362,5.105
362,0,363,5.339
363,0,364,5.374
364,0,365,5.785
365,0,366,6.597
366,0,367,7.121
367,0,368,7.473
368,0,369,6.487
369,0,370,6.981
370,0,371,6.345
371,0,372,6.362
372,0,373,6.391
373,0,374,6.420
374,0,375,7.104
375,0,376,7.231
376,0,377,8.267
377,0,378,8.820
378,0,379,10.010
379,0,380,10.586
380,0,381,10.444
381,0,382,9.061
382,0,383,8.063
383,0,384,7.819
384,0,385,6.991
385,0,386,6.905
386,0,387,6.946
387,0,388,7.869
388,0,389,7.828
389,0,390,7.333
390,0,391,7.661
391,0,392,7.660
392,0,393,7.981
393,0,394,8.880
394,0,395,9.305
395,0,396,9.671
396,0,397,8.871
397,0,398,8.692
398,0,399,8.248
399,0,400,7.004
400,0,401,6.719
401,0,402,7.089
402,0,403,6.038
403,0,404,6.508
404,0,405,5.826
405,0,406,5.137
406,0,407,5.338
407,0,408,6.113
408,0,409,6.804
409,0,410,7.688
410,0,411,8.818
411,0,412,9.289
412,0,413,10.295
413,0,414,10.459
414,0,415,11.603
415,0,416,11.803
416,0,417,11.983
417,0,418,11.627
418,0,419,10.749
419,0,420,9.612
420,0,421,9.287
421,0,422,8.177
422,0,423,7.667
423,0,424,6.980
424,0,425,6.613
425,0,426,6.885
426,0,427,6.591
427,0,428,6.998
428,0,429,8.149
429,0,430,8.074
430,0,431,8.229
431,0,432,7.840
432,0,433,8.395
433,0,434,8.837
434,0,435,9.208
435,0,436,10.131
436,0,437,10.107
437,0,438,11.022
438,0,439,11.643
439,0,440,11.364
440,0,441,12.133
441,0,442,12.170
442,0,443,12.848
443,0,444,13.245
444,0,445,13.867
445,0,446,14.484
446,0,447,14.935
447,0,448,15.824
448,0,449,16.449
449,0,450,17.622
450,0,451,18.028
451,0,452,17.006
452,0,453,17.470
453,0,454,17.914
454,0,455,18.702
455,0,456,18.741
456,0,457,19.907
457,0,458,20.385
458,0,459,20.547
459,0,460,20.941
460,0,461,20.582
461,0,462,21.114
462,0,463,20.351
463,0,464,20.730
464,0,465,21.336
465,0,466,21.552
466,0,467,22.201
467,0,468,21.261
468,0,469,20.962
469,0,470,19.831
470,0,471,19.314
471,0,472,18.857
472,0,473,18.154
473,0,474,17.789
474,0,475,16.649
475,0,476,16.611
476,0,477,15.675
477,0,478,15.519
478,0,479,14.856
479,0,480,14.663
480,0,481,14.041
481,0,482,13.675
482,0,483,12.995
483,0,484,13.005
484,0,485,13.551
485,0,486,14.359
486,0,487,14.233
487,0,488,15.339
488,0,489,16.090
489,0,490,16.060
490,0,491,15.145
491,0,492,15.386
492,0,493,14.776
493,0,494,14.786
494,0,495,14.656
495,0,496,14.490
496,0,497,14.720
497,0,498,14.553
498,0,499,14.914
499,0,500,14.460
500,0,501,13.452
501,0,502,13.214
502,0,503,13.631
503,0,504,13.195
504,0,505,13.461
505,0,506,14.372
506,0,507,14.530
507,0,508,15.399
508,0,509,15.248
509,0,510,15.987
510,0,511,16.422
511,0,512,16.865
512,0,513,17.244
513,0,514,18.468
514,0,515,18.659
515,0,516,18.025
516,0,517,17.881
517,0,518,16.746
518,0,519,15.779
519,0,520,15.513
520,0,521,15.987
521,0,522,15.812
522,0,523,16.188
523,0,524,16.212
524,0,525,16.258
525,0,526,16.353
526,0,527,16.006
527,0,528,16.222
528,0,529,15.211
529,0,530,15.195
530,0,531,16.287
531,0,532,16.499
532,0,533,15.966
533,0,534,16.628
534,0,535,16.802
535,0,536,17.193
536,0,537,17.470
537,0,538,17.488
538,0,539,18.127
539,0,540,17.529
540,0,541,18.007
541,0,542,17.649
542,0,543,17.667
543,0,544,18.314
544,0,545,17.958
545,0,546,18.105
546,0,547,17.243
547,0,548,16.326
548,0,549,16.243
549,0,550,15.504
550,0,551,16.094
551,0,552,15.399
552,0,553,14.528
553,0,554,14.722
554,0,555,14.876
555,0,556,14.143
556,0,557,14.472
557,0,558,13.781
558,0,559,13.809
559,0,560,13.159
560,0,561,13.411
561,0,562,13.196
562,0,563,13.528
563,0,564,14.270
564,0,565,13.793
565,0,566,14.872
566,0,567,15.083
567,0,568,14.056
568,0,569,13.645
569,0,570,13.390
570,0,571,14.088
571,0,572,13.396
572,0,573,13.610
573,0,574,12.544
574,0,575,12.525
575,0,576,12.065
576,0,577,11.199
577,0,578,11.210
578,0,579,10.612
579,0,580,9.854
580,0,581,10.359
581,0,582,11.318
582,0,583,11.656
583,0,584,11.918
584,0,585,12.347
585,0,586,12.982
586,0,587,13.385
587,0,588,14.340
588,0,589,14.747
589,0,590,15.778
590,0,591,16.091
591,0,592,16.884
592,0,593,17.764
593,0,594,18.064
594,0,595,18.800
595,0,596,19.916
596,0,597,20.489
597,0,598,21.182
598,0,599,21.635
599,0,600,20.717
600,0,601,21.027
601,0,602,20.906
602,0,603,21.738
603,0,604,21.895
604,0,605,22.687
605,0,606,22.957
606,0,607,23.710
607,0,608,24.312
608,0,609,25.126
609,0,610,25.717
610,0,611,26.317
611,0,612,27.227
612,0,613,27.829
613,0,614,28.969
614,0,615,29.995
615,0,616,31.114
616,0,617,31.317
617,0,618,32.544
618,0,619,33.383
619,0,620,33.804
620,0,621,32.545
621,0,622,31.181
622,0,623,30.481
623,0,624,29.095
624,0,625,28.328
625,0,626,26.987
626,0,627,26.328
627,0,628,25.191
628,0,629,24.539
629,0,630,23.731
630,0,631,23.055
631,0,632,22.456
632,0,633,22.026
633,0,634,22.159
634,0,635,21.772
635,0,636,21.049
636,0,637,20.726
637,0,638,21.236
638,0,639,21.137
639,0,640,21.636
640,0,641,22.051
641,0,642,22.904
642,0,643,23.731
643,0,644,24.827
644,0,645,25.767
645,0,646,27.050
646,0,647,28.227
647,0,648,29.657
648,0,649,30.722
649,0,650,31.037
650,0,651,29.677
651,0,652,28.947
652,0,653,27.654
653,0,654,27.343
654,0,655,25.872
655,0,656,24.706
656,0,657,24.586
657,0,658,23.791
658,0,659,24.184
659,0,660,23.427
660,0,661,22.151
661,0,662,22.297
662,0,663,22.589
663,0,664,22.062
664,0,665,22.364
665,0,666,22.588
666,0,667,23.514
667,0,668,24.228
668,0,669,25.048
669,0,670,26.343
670,0,671,27.191
671,0,672,28.600
672,0,673,28.666
673,0,674,29.695
674,0,675,30.817
675,0,676,29.592
676,0,677,28.446
677,0,678,26.865
678,0,679,25.785
679,0,680,24.619
680,0,681,23.644
681,0,682,22.700
682,0,683,21.853
683,0,684,20.763
684,0,685,20.586
685,0,686,20.493
686,0,687,20.905
687,0,688,20.478
688,0,689,20.594
689,0,690,20.981
690,0,691,21.029
691,0,692,21.684
692,0,693,22.016
693,0,694,22.868
694,0,695,23.293
695,0,696,24.463
696,0,697,25.389
697,0,698,26.597
698,0,699,27.791
699,0,700,29.245
700,0,701,30.269
701,0,702,31.679
702,0,703,32.392
703,0,704,34.050
704,0,705,34.320
705,0,706,34.923
706,0,707,34.563
707,0,708,33.074
708,0,709,32.625
709,0,710,31.340
710,0,711,30.313
711,0,712,29.250
712,0,713,28.000
713,0,714,27.021
714,0,715,25.763
715,0,716,24.894
716,0,717,23.717
717,0,718,23.356
718,0,719,22.461
719,0,720,22.210
720,0,721,21.884
721,0,722,22.169
722,0,723,22.615
723,0,724,23.022
724,0,725,22.952
725,0,726,23.693
726,0,727,24.102
727,0,728,25.183
728,0,729,25.941
729,0,730,26.354
730,0,731,27.357
731,0,732,28.033
732,0,733,29.264
733,0,734,30.055
734,0,735,31.329
735,0,736,32.248
736,0,737,33.373
737,0,738,34.456
738,0,739,35.223
739,0,740,36.600
740,0,741,37.333
741,0,742,38.705
742,0,743,39.562
743,0,744,41.054
744,0,745,41.801
745,0,746,43.126
746,0,747,44.017
747,0,748,45.647
748,0,749,46.354
749,0,750,47.033
750,0,751,46.381
751,0,752,47.579
752,0,753,49.256
753,0,754,50.403
754,0,755,52.159
755,0,756,53.399
756,0,757,53.186
757,0,758,53.905
758,0,759,55.561
759,0,760,55.352
760,0,761,56.975
761,0,762,57.563
762,0,763,57.876
763,0,764,58.938
764,0,765,57.598
765,0,766,55.870
766,0,767,55.261
767,0,768,53.870
768,0,769,52.443
769,0,770,53.177
770,0,771,54.674
771,0,772,53.818
772,0,773,52.689
773,0,774,51.061
774,0,775,49.851
775,0,776,48.581
776,0,777,47.315
777,0,778,46.171
778,0,779,44.766
779,0,780,43.755
780,0,781,42.292
781,0,782,41.237
782,0,783,39.777
783,0,784,38.565
784,0,785,37.409
785,0,786,36.523
786,0,787,35.719
787,0,788,36.384
788,0,789,38.110
789,0,790,39.080
790,0,791,39.849
791,0,792,41.155
792,0,793,41.747
793,0,794,43.145
794,0,795,43.660
795,0,796,44.942
796,0,797,46.003
797,0,798,47.265
798,0,799,48.263
799,0,800,49.484
800,0,801,50.852
801,0,802,52.233
802,0,803,52.772
803,0,804,54.389
804,0,805,54.761
805,0,806,54.376
806,0,807,53.083
807,0,808,51.649
808,0,809,50.589
809,0,810,51.301
810,0,811,50.083
811,0,812,50.372
812,0,813,48.959
813,0,814,47.386
814,0,815,46.395
815,0,816,45.007
816,0,817,43.583
817,0,818,42.360
818,0,819,42.415
819,0,820,43.614
820,0,821,45.105
821,0,822,46.195
822,0,823,47.611
823,0,824,48.652
824,0,825,49.541
825,0,826,50.800
826,0,827,51.532
827,0,828,50.877
828,0,829,51.994
829,0,830,53.463
830,0,831,54.589
831,0,832,53.797
832,0,833,53.476
833,0,834,52.883
834,0,835,51.211
835,0,836,50.605
836,0,837,49.977
837,0,838,48.496
838,0,839,47.343
839,0,840,46.794
840,0,841,46.116
841,0,842,45.376
842,0,843,44.294
843,0,844,43.199
844,0,845,42.055
845,0,846,41.289
846,0,847,41.572
847,0,848,40.779
848,0,849,40.457
849,0,850,39.922
850,0,851,38.543
851,0,852,39.052
852,0,853,39.543
853,0,854,39.582
854,0,855,40.378
855,0,856,41.185
856,0,857,42.667
857,0,858,43.590
858,0,859,45.371
859,0,860,46.116
860,0,861,46.760
861,0,862,48.405
862,0,863,48.914
863,0,864,50.051
864,0,865,51.384
865,0,866,51.816
866,0,867,51.241
867,0,868,50.522
868,0,869,49.667
869,0,870,49.895
870,0,871,48.914
871,0,872,49.517
872,0,873,48.626
873,0,874,48.886
874,0,875,49.217
875,0,876,50.682
876,0,877,51.008
877,0,878,51.437
878,0,879,49.943
879,0,880,49.559
880,0,881,48.163
881,0,882,47.259
882,0,883,46.077
883,0,884,44.991
884,0,885,43.938
885,0,886,42.538
886,0,887,41.532
887,0,888,40.080
888,0,889,39.427
889,0,890,38.119
890,0,891,37.287
891,0,892,37.999
892,0,893,39.259
893,0,894,40.552
894,0,895,42.000
895,0,896,43.148
896,0,897,44.648
897,0,898,45.721
898,0,899,47.041
899,0,900,48.279
900,0,901,49.565
901,0,902,50.880
902,0,903,51.277
903,0,904,52.891
904,0,905,53.587
905,0,906,55.120
906,0,907,54.390
907,0,908,53.734
908,0,909,54.973
909,0,910,55.964
910,0,911,56.535
911,0,912,55.528
912,0,913,54.187
913,0,914,54.490
914,0,915,53.288
915,0,916,52.259
916,0,917,50.764
917,0,918,50.034
918,0,919,48.501
919,0,920,48.497
920,0,921,47.328
921,0,922,46.751
922,0,923,45.526
923,0,924,44.513
924,0,925,43.453
925,0,926,42.560
926,0,927,41.928
927,0,928,40.887
928,0,929,41.400
929,0,930,40.388
930,0,931,39.024
931,0,932,38.467
932,0,933,37.452
933,0,934,37.090
934,0,935,36.081
935,0,936,35.987
936,0,937,36.653
937,0,938,37.910
938,0,939,38.337
939,0,940,39.753
940,0,941,39.663
941,0,942,40.891
942,0,943,41.324
943,0,944,42.601
944,0,945,43.044
945,0,946,44.297
946,0,947,44.976
947,0,948,46.156
948,0,949,47.307
949,0,950,48.136
950,0,951,49.834
951,0,952,50.367
952,0,953,51.669
953,0,954,51.696
954,0,955,51.987
955,0,956,53.328
956,0,957,54.782
957,0,958,55.251
958,0,959,56.628
959,0,960,56.760
960,0,961,57.005
961,0,962,58.325
962,1,1,13.038
963,1,2,12.737
964,1,3,12.159
965,1,4,11.754
966,1,5,11.290
967,1,6,12.000
968,1,7,12.511
969,1,8,12.069
970,1,9,11.528
971,1,10,12.559
972,1,11,12.709
973,1,12,11.899
974,1,13,11.099
975,1,14,10.603
976,1,15,10.937
977,1,16,10.712
978,1,17,9.904
979,1,18,10.054
980,1,19,10.538
981,1,20,10.076
982,1,21,9.434
983,1,22,9.949
984,1,23,10.228
985,1,24,10.438
986,1,25,11.132
987,1,26,11.982
988,1,27,12.562
989,1,28,13.367
990,1,29,14.376
991,1,30,14.618
992,1,31,13.941
993,1,32,14.559
994,1,33,14.710
995,1,34,14.496
996,1,35,13.572
997,1,36,12.717
998,1,37,12.180
999,1,38,11.438
1000,1,39,11.207
1001,1,40,10.817
1002,1,41,10.881
1003,1,42,11.390
1004,1,43,11.664
1005,1,44,11.822
1006,1,45,12.169
1007,1,46,12.500
1008,1,47,12.833
1009,1,48,13.168
1010,1,49,12.796
1011,1,50,13.051
1012,1,51,12.305
1013,1,52,12.360
1014,1,53,12.336
1015,1,54,11.467
1016,1,55,10.802
1017,1,56,10.090
1018,1,57,9.468
1019,1,58,8.994
1020,1,59,8.366
1021,1,60,8.255
1022,1,61,7.915
1023,1,62,8.039
1024,1,63,7.844
1025,1,64,7.973
1026,1,65,7.758
1027,1,66,7.902
1028,1,67,8.181
1029,1,68,8.461
1030,1,69,8.394
1031,1,70,8.850
1032,1,71,9.737
1033,1,72,9.713
1034,1,73,9.048
1035,1,74,9.720
1036,1,75,10.065
1037,1,76,9.635
1038,1,77,10.279
1039,1,78,9.401
1040,1,79,8.349
1041,1,80,8.190
1042,1,81,7.801
1043,1,82,7.673
1044,1,83,7.347
1045,1,84,7.399
1046,1,85,7.273
1047,1,86,6.955
1048,1,87,7.024
1049,1,88,7.143
1050,1,89,7.528
1051,1,90,7.583
1052,1,91,8.005
1053,1,92,8.113
1054,1,93,8.626
1055,1,94,9.051
1056,1,95,9.304
1057,1,96,8.811
1058,1,97,8.468
1059,1,98,8.145
1060,1,99,8.162
1061,1,100,7.759
1062,1,101,7.893
1063,1,102,7.580
1064,1,103,8.023
1065,1,104,8.102
1066,1,105,8.593
1067,1,106,8.832
1068,1,107,8.877
1069,1,108,9.643
1070,1,109,9.540
1071,1,110,8.630
1072,1,111,8.338
1073,1,112,8.000
1074,1,113,7.797
1075,1,114,7.774
1076,1,115,7.453
1077,1,116,7.652
1078,1,117,7.211
1079,1,118,7.715
1080,1,119,7.591
1081,1,120,8.078
1082,1,121,8.005
1083,1,122,8.833
1084,1,123,9.060
1085,1,124,9.149
1086,1,125,9.825
1087,1,126,10.593
1088,1,127,10.060
1089,1,128,9.759
1090,1,129,10.769
1091,1,130,10.786
1092,1,131,10.091
1093,1,132,10.663
1094,1,133,11.052
1095,1,134,10.244
1096,1,135,10.031
1097,1,136,10.956
1098,1,137,11.060
1099,1,138,10.162
1100,1,139,10.428
1101,1,140,11.350
1102,1,141,10.901
1103,1,142,10.025
1104,1,143,10.640
1105,1,144,10.882
1106,1,145,9.849
1107,1,146,9.614
1108,1,147,10.198
1109,1,148,9.480
1110,1,149,9.122
1111,1,150,8.917
1112,1,151,8.747
1113,1,152,8.389
1114,1,153,8.205
1115,1,154,7.737
1116,1,155,7.561
1117,1,156,6.991
1118,1,157,6.855
1119,1,158,6.124
1120,1,159,6.011
1121,1,160,6.477
1122,1,161,6.014
1123,1,162,5.935
1124,1,163,5.687
1125,1,164,5.872
1126,1,165,6.668
1127,1,166,7.242
1128,1,167,7.189
1129,1,168,7.921
1130,1,169,8.712
1131,1,170,9.098
1132,1,171,9.530
1133,1,172,8.704
1134,1,173,8.424
1135,1,174,9.088
1136,1,175,8.875
1137,1,176,8.103
1138,1,177,8.874
1139,1,178,9.210
1140,1,179,8.989
1141,1,180,9.767
1142,1,181,10.360
1143,1,182,10.389
1144,1,183,10.104
1145,1,184,9.309
1146,1,185,8.906
1147,1,186,8.210
1148,1,187,7.339
1149,1,188,7.123
1150,1,189,6.348
1151,1,190,6.777
1152,1,191,7.687
1153,1,192,7.996
1154,1,193,8.767
1155,1,194,8.947
1156,1,195,8.715
1157,1,196,8.573
1158,1,197,9.468
1159,1,198,10.014
1160,1,199,10.623
1161,1,200,10.337
1162,1,201,11.125
1163,1,202,10.685
1164,1,203,9.940
1165,1,204,10.647
1166,1,205,11.063
1167,1,206,10.200
1168,1,207,9.860
1169,1,208,10.742
1170,1,209,10.566
1171,1,210,9.682
1172,1,211,9.617
1173,1,212,8.955
1174,1,213,8.299
1175,1,214,7.677
1176,1,215,6.799
1177,1,216,7.011
1178,1,217,6.703
1179,1,218,6.857
1180,1,219,6.226
1181,1,220,6.157
1182,1,221,5.558
1183,1,222,5.822
1184,1,223,5.032
1185,1,224,5.198
1186,1,225,5.836
1187,1,226,5.495
1188,1,227,5.252
1189,1,228,6.057
1190,1,229,6.251
1191,1,230,5.781
1192,1,231,6.178
1193,1,232,7.003
1194,1,233,7.150
1195,1,234,8.174
1196,1,235,8.240
1197,1,236,7.694
1198,1,237,8.117
1199,1,238,7.604
1200,1,239,7.966
1201,1,240,7.635
1202,1,241,7.531
1203,1,242,7.425
1204,1,243,7.037
1205,1,244,6.738
1206,1,245,6.924
1207,1,246,6.671
1208,1,247,7.278
1209,1,248,7.020
1210,1,249,7.721
1211,1,250,7.707
1212,1,251,8.274
1213,1,252,7.332
1214,1,253,6.524
1215,1,254,5.608
1216,1,255,4.908
1217,1,256,4.299
1218,1,257,4.045
1219,1,258,4.002
1220,1,259,4.287
1221,1,260,4.550
1222,1,261,4.374
1223,1,262,4.569
1224,1,263,5.066
1225,1,264,5.172
1226,1,265,5.262
1227,1,266,5.205
1228,1,267,5.750
1229,1,268,5.171
1230,1,269,5.296
1231,1,270,6.013
1232,1,271,5.723
1233,1,272,6.675
1234,1,273,7.058
1235,1,274,7.521
1236,1,275,7.900
1237,1,276,9.014
1238,1,277,9.901
1239,1,278,9.646
1240,1,279,8.748
1241,1,280,8.081
1242,1,281,7.285
1243,1,282,7.715
1244,1,283,7.249
1245,1,284,6.294
1246,1,285,6.454
1247,1,286,6.582
1248,1,287,5.745
1249,1,288,4.848
1250,1,289,4.545
1251,1,290,4.504
1252,1,291,4.233
1253,1,292,4.101
1254,1,293,4.182
1255,1,294,4.654
1256,1,295,4.531
1257,1,296,4.425
1258,1,297,4.741
1259,1,298,5.186
1260,1,299,5.105
1261,1,300,4.993
1262,1,301,5.434
1263,1,302,5.742
1264,1,303,5.623
1265,1,304,5.831
1266,1,305,6.259
1267,1,306,6.191
1268,1,307,7.039
1269,1,308,7.141
1270,1,309,8.127
1271,1,310,8.262
1272,1,311,9.113
1273,1,312,9.715
1274,1,313,9.375
1275,1,314,8.219
1276,1,315,8.350
1277,1,316,8.207
1278,1,317,6.977
1279,1,318,6.698
1280,1,319,7.238
1281,1,320,6.422
1282,1,321,5.659
1283,1,322,6.171
1284,1,323,6.339
1285,1,324,5.413
1286,1,325,5.168
1287,1,326,5.519
1288,1,327,6.005
1289,1,328,6.263
1290,1,329,7.226
1291,1,330,7.750
1292,1,331,8.806
1293,1,332,9.486
1294,1,333,9.539
1295,1,334,10.650
1296,1,335,11.130
1297,1,336,11.222
1298,1,337,10.197
1299,1,338,10.703
1300,1,339,10.385
1301,1,340,9.344
1302,1,341,9.754
1303,1,342,10.012
1304,1,343,9.161
1305,1,344,8.644
1306,1,345,9.305
1307,1,346,9.260
1308,1,347,8.292
1309,1,348,8.254
1310,1,349,9.012
1311,1,350,8.484
1312,1,351,8.164
1313,1,352,8.906
1314,1,353,9.310
1315,1,354,9.399
1316,1,355,8.753
1317,1,356,8.553
1318,1,357,7.926
1319,1,358,7.568
1320,1,359,7.229
1321,1,360,6.994
1322,1,361,7.100
1323,1,362,7.445
1324,1,363,7.884
1325,1,364,8.708
1326,1,365,8.630
1327,1,366,8.261
1328,1,367,8.688
1329,1,368,8.494
1330,1,369,9.078
1331,1,370,9.019
1332,1,371,9.561
1333,1,372,9.618
1334,1,373,9.994
1335,1,374,10.264
1336,1,375,11.237
1337,1,376,11.849
1338,1,377,11.122
1339,1,378,11.426
1340,1,379,10.804
1341,1,380,10.927
1342,1,381,10.721
1343,1,382,10.282
1344,1,383,10.006
1345,1,384,9.103
1346,1,385,9.373
1347,1,386,9.845
1348,1,387,10.479
1349,1,388,11.008
1350,1,389,10.335
1351,1,390,10.553
1352,1,391,10.042
1353,1,392,10.016
1354,1,393,9.987
1355,1,394,9.449
1356,1,395,9.235
1357,1,396,8.839
1358,1,397,8.604
1359,1,398,8.546
1360,1,399,8.222
1361,1,400,8.396
1362,1,401,8.018
1363,1,402,8.466
1364,1,403,8.567
1365,1,404,9.192
1366,1,405,9.397
1367,1,406,9.141
1368,1,407,9.159
1369,1,408,9.723
1370,1,409,9.103
1371,1,410,8.861
1372,1,411,8.336
1373,1,412,7.710
1374,1,413,7.039
1375,1,414,6.731
1376,1,415,6.531
1377,1,416,6.746
1378,1,417,6.927
1379,1,418,7.442
1380,1,419,7.534
1381,1,420,7.301
1382,1,421,7.187
1383,1,422,6.877
1384,1,423,6.745
1385,1,424,6.577
1386,1,425,6.612
1387,1,426,6.547
1388,1,427,6.742
1389,1,428,7.187
1390,1,429,7.497
1391,1,430,8.102
1392,1,431,8.442
1393,1,432,8.946
1394,1,433,9.328
1395,1,434,10.062
1396,1,435,10.571
1397,1,436,11.177
1398,1,437,11.954
1399,1,438,11.957
1400,1,439,12.249
1401,1,440,13.042
1402,1,441,13.368
1403,1,442,14.448
1404,1,443,14.855
1405,1,444,15.837
1406,1,445,15.784
1407,1,446,16.797
1408,1,447,16.252
1409,1,448,15.914
1410,1,449,17.009
1411,1,450,17.514
1412,1,451,16.717
1413,1,452,16.487
1414,1,453,15.318
1415,1,454,14.472
1416,1,455,14.152
1417,1,456,13.133
1418,1,457,12.572
1419,1,458,13.414
1420,1,459,13.690
1421,1,460,14.380
1422,1,461,13.994
1423,1,462,15.032
1424,1,463,15.620
1425,1,464,16.169
1426,1,465,16.901
1427,1,466,16.634
1428,1,467,16.229
1429,1,468,15.910
1430,1,469,15.203
1431,1,470,15.702
1432,1,471,16.102
1433,1,472,17.143
1434,1,473,17.511
1435,1,474,17.723
1436,1,475,17.898
1437,1,476,18.304
1438,1,477,18.368
1439,1,478,18.419
1440,1,479,19.246
1441,1,480,19.958
1442,1,481,19.831
1443,1,482,18.794
1444,1,483,19.027
1445,1,484,19.352
1446,1,485,18.913
1447,1,486,18.930
1448,1,487,19.478
1449,1,488,19.727
1450,1,489,20.210
1451,1,490,20.566
1452,1,491,20.764
1453,1,492,20.396
1454,1,493,19.990
1455,1,494,19.444
1456,1,495,19.464
1457,1,496,20.256
1458,1,497,20.082
1459,1,498,20.145
1460,1,499,19.406
1461,1,500,18.758
1462,1,501,18.505
1463,1,502,17.995
1464,1,503,17.844
1465,1,504,18.111
1466,1,505,18.308
1467,1,506,18.729
1468,1,507,18.819
1469,1,508,19.506
1470,1,509,19.847
1471,1,510,20.471
1472,1,511,21.620
1473,1,512,22.168
1474,1,513,22.715
1475,1,514,22.440
1476,1,515,21.588
1477,1,516,21.043
1478,1,517,20.730
1479,1,518,20.444
1480,1,519,19.710
1481,1,520,19.766
1482,1,521,20.202
1483,1,522,21.038
1484,1,523,21.767
1485,1,524,22.435
1486,1,525,23.566
1487,1,526,24.284
1488,1,527,24.010
1489,1,528,25.202
1490,1,529,26.300
1491,1,530,27.320
1492,1,531,28.766
1493,1,532,29.534
1494,1,533,28.189
1495,1,534,28.022
1496,1,535,27.026
1497,1,536,27.596
1498,1,537,28.710
1499,1,538,28.555
1500,1,539,29.066
1501,1,540,27.974
1502,1,541,26.653
1503,1,542,25.456
1504,1,543,24.640
1505,1,544,23.495
1506,1,545,24.637
1507,1,546,25.512
1508,1,547,26.621
1509,1,548,27.204
1510,1,549,28.566
1511,1,550,29.387
1512,1,551,30.590
1513,1,552,31.650
1514,1,553,30.717
1515,1,554,30.390
1516,1,555,29.748
1517,1,556,28.454
1518,1,557,28.252
1519,1,558,29.157
1520,1,559,30.179
1521,1,560,31.424
1522,1,561,32.171
1523,1,562,33.113
1524,1,563,34.222
1525,1,564,34.402
1526,1,565,36.034
1527,1,566,36.551
1528,1,567,36.844
1529,1,568,37.874
1530,1,569,39.345
1531,1,570,40.905
1532,1,571,41.469
1533,1,572,40.233
1534,1,573,39.103
1535,1,574,37.503
1536,1,575,37.728
1537,1,576,39.367
1538,1,577,38.865
1539,1,578,38.277
1540,1,579,36.812
1541,1,580,35.507
1542,1,581,34.824
1543,1,582,33.694
1544,1,583,33.271
1545,1,584,34.614
1546,1,585,35.067
1547,1,586,35.816
1548,1,587,35.445
1549,1,588,36.706
1550,1,589,36.705
1551,1,590,38.071
1552,1,591,38.034
1553,1,592,38.509
1554,1,593,38.548
1555,1,594,37.964
1556,1,595,37.938
1557,1,596,37.311
1558,1,597,37.989
1559,1,598,38.224
1560,1,599,39.501
1561,1,600,39.780
1562,1,601,40.018
1563,1,602,40.590
1564,1,603,40.907
1565,1,604,41.029
1566,1,605,42.043
1567,1,606,43.145
1568,1,607,43.520
1569,1,608,44.406
1570,1,609,43.704
1571,1,610,42.593
1572,1,611,43.504
1573,1,612,44.238
1574,1,613,43.222
1575,1,614,43.284
1576,1,615,44.542
1577,1,616,44.183
1578,1,617,43.177
1579,1,618,43.782
1580,1,619,45.185
1581,1,620,45.066
1582,1,621,43.940
1583,1,622,43.533
1584,1,623,42.788
1585,1,624,41.635
1586,1,625,41.407
1587,1,626,42.039
1588,1,627,41.470
1589,1,628,40.232
1590,1,629,40.818
1591,1,630,40.127
1592,1,631,41.398
1593,1,632,41.170
1594,1,633,40.097
1595,1,634,40.811
1596,1,635,41.943
1597,1,636,42.086
1598,1,637,43.391
1599,1,638,44.545
1600,1,639,45.533
1601,1,640,46.869
1602,1,641,47.923
1603,1,642,49.259
1604,1,643,50.732
1605,1,644,50.505
1606,1,645,49.132
1607,1,646,49.048
1608,1,647,49.136
1609,1,648,47.826
1610,1,649,47.761
1611,1,650,47.898
1612,1,651,46.227
1613,1,652,46.192
1614,1,653,45.647
1615,1,654,46.717
1616,1,655,46.376
1617,1,656,46.949
1618,1,657,46.570
1619,1,658,47.128
1620,1,659,46.932
1621,1,660,46.658
1622,1,661,48.029
1623,1,662,48.188
1624,1,663,48.744
1625,1,664,48.472
1626,1,665,47.911
1627,1,666,47.881
1628,1,667,46.930
1629,1,668,46.497
1630,1,669,45.114
1631,1,670,45.028
1632,1,671,43.941
1633,1,672,44.333
1634,1,673,43.513
1635,1,674,42.912
1636,1,675,41.976
1637,1,676,43.056
1638,1,677,43.579
1639,1,678,44.871
1640,1,679,45.389
1641,1,680,46.854
1642,1,681,47.340
1643,1,682,48.848
1644,1,683,49.489
1645,1,684,50.290
1646,1,685,49.657
1647,1,686,50.567
1648,1,687,50.780
1649,1,688,52.006
1650,1,689,54.051
1651,1,690,54.811
1652,1,691,56.981
1653,1,692,58.825
